user_id,company_id,user_role,user_profile
USER-0248,COMP-037,admin,"{'age': 57, 'bachelors_field': 'no degree', 'birth_date': '1968-05-16', 'city': 'Lawndale', 'country': 'USA', 'county': 'Los Angeles County', 'education_level': '9th_12th_no_diploma', 'email_address': 'lopezw68@icloud.com', 'ethnic_background': 'mexican', 'first_name': 'William', 'last_name': 'Lopez', 'locale': 'en_US', 'marital_status': 'married_present', 'middle_name': '', 'occupation': 'manager', 'phone_number': '310-908-6374', 'sex': 'Male', 'ssn': '548-18-7533', 'state': 'CA', 'street_name': 'E Verdugo Ave H', 'street_number': 84, 'unit': '', 'uuid': '1860b1e1-a858-481a-a25a-8d9052f5019e', 'zipcode': '90260'}"
USER-0169,COMP-003,admin,"{'age': 32, 'bachelors_field': 'business', 'birth_date': '1993-04-02', 'city': 'Sedro Woolley', 'country': 'USA', 'county': 'Whatcom County', 'education_level': 'bachelors', 'email_address': 'dan.johnson1993@gmail.com', 'ethnic_background': 'white', 'first_name': 'Dan', 'last_name': 'Johnson', 'locale': 'en_US', 'marital_status': 'never_married', 'middle_name': 'Wade', 'occupation': 'driver_sales_worker_or_truck_driver', 'phone_number': '360-241-9994', 'sex': 'Male', 'ssn': '539-21-0114', 'state': 'WA', 'street_name': 'W Youngstown Ln', 'street_number': 210, 'unit': '', 'uuid': 'b7a82295-5ec9-4ba6-af88-a1d549280a2e', 'zipcode': '98284'}"
USER-0296,COMP-040,viewer,"{'age': 34, 'bachelors_field': 'no degree', 'birth_date': '1991-04-05', 'city': 'Santa Maria', 'country': 'USA', 'county': 'Santa Barbara County', 'education_level': '9th_12th_no_diploma', 'email_address': 'krysten.santiagocruz71@icloud.com', 'ethnic_background': 'mexican', 'first_name': 'Krysten', 'last_name': 'Santiagocruz', 'locale': 'en_US', 'marital_status': 'married_present', 'middle_name': 'Elizabeth', 'occupation': 'grader_or_sorter_agricultural_product', 'phone_number': '820-978-7936', 'sex': 'Female', 'ssn': '550-46-6504', 'state': 'CA', 'street_name': 'Devonshire Drive', 'street_number': 206, 'unit': '', 'uuid': '7785bcab-ba99-4d02-bd81-d9f91b9103d4', 'zipcode': '93458'}"
USER-0342,COMP-005,viewer,"{'age': 42, 'bachelors_field': 'education', 'birth_date': '1982-12-08', 'city': 'Republic', 'country': 'USA', 'county': 'Christian County', 'education_level': 'graduate', 'email_address': 'alice.blackwell78@icloud.com', 'ethnic_background': 'white', 'first_name': 'Alice', 'last_name': 'Blackwell', 'locale': 'en_US', 'marital_status': 'divorced', 'middle_name': 'Kathleen', 'occupation': 'manager', 'phone_number': '417-468-6922', 'sex': 'Female', 'ssn': '499-57-9252', 'state': 'MO', 'street_name': 'SE Victory Dr', 'street_number': 35, 'unit': '', 'uuid': 'b2153e2c-9bd9-4786-a4e5-c0466c4a152c', 'zipcode': '65738'}"
USER-0166,COMP-032,individual_contributor,"{'age': 31, 'bachelors_field': 'no degree', 'birth_date': '1994-03-20', 'city': 'Medford', 'country': 'USA', 'county': 'Jackson County', 'education_level': '9th_12th_no_diploma', 'email_address': 'padillac@yahoo.com', 'ethnic_background': 'mexican', 'first_name': 'Chayanne', 'last_name': 'Padilla', 'locale': 'en_US', 'marital_status': 'never_married', 'middle_name': 'F', 'occupation': 'social_or_community_service_manager', 'phone_number': '530-943-9166', 'sex': 'Female', 'ssn': '544-58-9582', 'state': 'OR', 'street_name': '21st Ave', 'street_number': 206, 'unit': '', 'uuid': '1e1af751-1b8c-4979-a1ed-c5e3575ab8fb', 'zipcode': '97501'}"
USER-0293,COMP-008,admin,"{'age': 35, 'bachelors_field': 'no degree', 'birth_date': '1990-05-02', 'city': 'Renton', 'country': 'USA', 'county': 'King County', 'education_level': 'high_school', 'email_address': 'madhupatel2@icloud.com', 'ethnic_background': 'south asian', 'first_name': 'Madhu', 'last_name': 'Patel', 'locale': 'en_US', 'marital_status': 'married_present', 'middle_name': '', 'occupation': 'first_line_supervisor_of_office_or_administrative_support_worker', 'phone_number': '253-943-7676', 'sex': 'Female', 'ssn': '539-65-0481', 'state': 'WA', 'street_name': '60th Ave SE', 'street_number': 151, 'unit': '', 'uuid': '14d8316e-e226-435e-8595-bc5b6213f914', 'zipcode': '98058'}"
USER-0749,COMP-006,admin,"{'age': 64, 'bachelors_field': 'no degree', 'birth_date': '1961-01-01', 'city': 'West Valley City', 'country': 'USA', 'county': 'Salt Lake County', 'education_level': 'associates', 'email_address': 'carlosmconcepcion61@hotmail.com', 'ethnic_background': 'mexican', 'first_name': 'Carlos', 'last_name': 'Concepcion', 'locale': 'en_US', 'marital_status': 'married_present', 'middle_name': 'Marcos', 'occupation': 'cook', 'phone_number': '716-689-2024', 'sex': 'Male', 'ssn': '529-99-9167', 'state': 'UT', 'street_name': 'N Osceola St', 'street_number': 8, 'unit': '', 'uuid': '3fa420f8-e187-4331-bc56-ce3c4389d5e2', 'zipcode': '84120'}"
USER-0893,COMP-002,individual_contributor,"{'age': 58, 'bachelors_field': 'no degree', 'birth_date': '1967-08-21', 'city': 'Buffalo', 'country': 'USA', 'county': 'Erie County', 'education_level': '9th_12th_no_diploma', 'email_address': 'yolanda.hoefer21@hotmail.com', 'ethnic_background': 'black', 'first_name': 'Yolanda', 'last_name': 'Hoefer', 'locale': 'en_US', 'marital_status': 'married_present', 'middle_name': 'Melissa', 'occupation': 'receptionist_or_information_clerk', 'phone_number': '716-938-1682', 'sex': 'Female', 'ssn': '083-50-6074', 'state': 'NY', 'street_name': '64 St', 'street_number': 112, 'unit': '', 'uuid': '0db63154-9cf3-4f2c-9f33-3f2622dc9151', 'zipcode': '14206'}"
USER-0537,COMP-002,individual_contributor,"{'age': 59, 'bachelors_field': 'no degree', 'birth_date': '1966-09-27', 'city': 'Batesville', 'country': 'USA', 'county': 'Independence County', 'education_level': 'some_college', 'email_address': 'herschel.craft@gmail.com', 'ethnic_background': 'white', 'first_name': 'Herschel', 'last_name': 'Craft', 'locale': 'en_US', 'marital_status': 'married_present', 'middle_name': '', 'occupation': 'welding_soldering_or_brazing_worker', 'phone_number': '870-718-9849', 'sex': 'Male', 'ssn': '430-69-1409', 'state': 'AR', 'street_name': 'Dunn Dr', 'street_number': 236, 'unit': '', 'uuid': 'ee9dc647-716e-45d5-8fc3-323d3fa2fe6b', 'zipcode': '72501'}"
USER-0260,COMP-013,individual_contributor,"{'age': 40, 'bachelors_field': 'no degree', 'birth_date': '1985-07-17', 'city': 'Chula Vista', 'country': 'USA', 'county': 'San Diego County', 'education_level': 'some_college', 'email_address': 'davist@gmail.com', 'ethnic_background': 'white', 'first_name': 'Tommy', 'last_name': 'Davis', 'locale': 'en_US', 'marital_status': 'married_present', 'middle_name': 'John', 'occupation': 'laborer_or_freight_stock_or_material_mover', 'phone_number': '619-821-7073', 'sex': 'Male', 'ssn': '573-81-1542', 'state': 'CA', 'street_name': 'Bogert Trl', 'street_number': 638, 'unit': '', 'uuid': '35a345a2-96d8-42bc-9941-398573a8ca0b', 'zipcode': '91911'}"
USER-0487,COMP-022,viewer,"{'age': 44, 'bachelors_field': 'no degree', 'birth_date': '1981-08-21', 'city': 'Bridgeton', 'country': 'USA', 'county': 'Cumberland County', 'education_level': 'high_school', 'email_address': 'quenteriariveraconcepcion81@gmail.com', 'ethnic_background': 'mexican', 'first_name': 'Quenteria', 'last_name': 'Riveraconcepcion', 'locale': 'en_US', 'marital_status': 'married_present', 'middle_name': 'Delacaridad', 'occupation': 'first_line_supervisor_of_office_or_administrative_support_worker', 'phone_number': '856-936-4613', 'sex': 'Female', 'ssn': '142-54-1206', 'state': 'NJ', 'street_name': 'Roadstown Jericho Road', 'street_number': 511, 'unit': '', 'uuid': '48ae517f-fc1a-4c42-a9bd-2985c8bd1135', 'zipcode': '08302'}"
USER-0591,COMP-006,viewer,"{'age': 31, 'bachelors_field': 'no degree', 'birth_date': '1994-05-03', 'city': 'Texarkana', 'country': 'USA', 'county': 'Miller County', 'education_level': 'high_school', 'email_address': 'arthur.rose94@icloud.com', 'ethnic_background': 'white', 'first_name': 'Arthur', 'last_name': 'Rose', 'locale': 'en_US', 'marital_status': 'divorced', 'middle_name': 'Philip', 'occupation': 'stocker_or_order_filler', 'phone_number': '318-219-3261', 'sex': 'Male', 'ssn': '430-76-5075', 'state': 'AR', 'street_name': 'Clift Rd', 'street_number': 123, 'unit': '', 'uuid': '4cfef2f0-6fea-49f6-bb00-de6c023d8326', 'zipcode': '71854'}"
USER-0209,COMP-018,viewer,"{'age': 65, 'bachelors_field': 'stem', 'birth_date': '1960-11-17', 'city': 'Erie', 'country': 'USA', 'county': 'Erie County', 'education_level': 'graduate', 'email_address': 'willieb@icloud.com', 'ethnic_background': 'black', 'first_name': 'Willie', 'last_name': 'Booker', 'locale': 'en_US', 'marital_status': 'married_present', 'middle_name': 'M', 'occupation': 'tree_trimmer_or_pruner', 'phone_number': '582-610-4327', 'sex': 'Male', 'ssn': '210-85-5839', 'state': 'PA', 'street_name': 'N Main St', 'street_number': 38, 'unit': '', 'uuid': '123ad368-1967-4127-b543-dc213bd4b027', 'zipcode': '16511'}"
USER-0119,COMP-038,individual_contributor,"{'age': 43, 'bachelors_field': 'no degree', 'birth_date': '1982-11-04', 'city': 'Elk Grove Village', 'country': 'USA', 'county': 'DuPage County', 'education_level': 'high_school', 'email_address': 'zoila.jimenez@outlook.com', 'ethnic_background': 'mexican', 'first_name': 'Zoila', 'last_name': 'Jimenez', 'locale': 'en_US', 'marital_status': 'married_present', 'middle_name': 'Lorraine', 'occupation': 'financial_manager', 'phone_number': '224-681-2415', 'sex': 'Female', 'ssn': '318-50-3948', 'state': 'IL', 'street_name': 'Heatherwood Cir', 'street_number': 117, 'unit': '', 'uuid': '12aeacd4-a8c7-45b7-b8bc-2ba866025272', 'zipcode': '60007'}"
USER-0028,COMP-007,admin,"{'age': 28, 'bachelors_field': 'no degree', 'birth_date': '1996-12-31', 'city': 'Baltimore', 'country': 'USA', 'county': 'Baltimore city', 'education_level': 'high_school', 'email_address': 'caseynicole1996@gmail.com', 'ethnic_background': 'black', 'first_name': 'Casey', 'last_name': 'Rhodes', 'locale': 'en_US', 'marital_status': 'never_married', 'middle_name': 'Nicole', 'occupation': 'cashier', 'phone_number': '410-327-2282', 'sex': 'Female', 'ssn': '215-87-8475', 'state': 'MD', 'street_name': 'Van Wagner Road', 'street_number': 423, 'unit': '', 'uuid': '251b1c5d-212f-4eee-b52a-e8b1831d9481', 'zipcode': '21216'}"
USER-0506,COMP-002,manager,"{'age': 60, 'bachelors_field': 'no degree', 'birth_date': '1965-01-31', 'city': 'Rock Hill', 'country': 'USA', 'county': 'York County', 'education_level': '9th_12th_no_diploma', 'email_address': 'krobertson@gmail.com', 'ethnic_background': 'black', 'first_name': 'Kenneth', 'last_name': 'Robertson', 'locale': 'en_US', 'marital_status': 'married_present', 'middle_name': 'R', 'occupation': 'driver_sales_worker_or_truck_driver', 'phone_number': '839-879-2124', 'sex': 'Male', 'ssn': '248-57-4579', 'state': 'SC', 'street_name': 'Clearbrook Rd', 'street_number': 166, 'unit': '', 'uuid': '56b96f30-1681-4863-83da-f751639f2585', 'zipcode': '29730'}"
USER-0486,COMP-026,individual_contributor,"{'age': 35, 'bachelors_field': 'no degree', 'birth_date': '1990-10-09', 'city': 'Hampton', 'country': 'USA', 'county': 'Clayton County', 'education_level': 'high_school', 'email_address': 'james.weaver@icloud.com', 'ethnic_background': 'white', 'first_name': 'James', 'last_name': 'Weaver', 'locale': 'en_US', 'marital_status': 'married_present', 'middle_name': 'J', 'occupation': 'agricultural_or_food_scientist', 'phone_number': '404-679-0538', 'sex': 'Male', 'ssn': '259-26-3849', 'state': 'GA', 'street_name': 'Bowmantown Bridge Ct', 'street_number': 108, 'unit': '', 'uuid': '2eda9ecb-2f6a-47cd-a582-f4fee561035b', 'zipcode': '30228'}"
USER-0603,COMP-010,individual_contributor,"{'age': 36, 'bachelors_field': 'stem', 'birth_date': '1989-09-14', 'city': 'Huntington Beach', 'country': 'USA', 'county': 'Orange County', 'education_level': 'bachelors', 'email_address': 'maria.ceniceros@gmail.com', 'ethnic_background': 'mexican', 'first_name': 'Maria', 'last_name': 'Ceniceros', 'locale': 'en_US', 'marital_status': 'married_present', 'middle_name': 'Isabel', 'occupation': 'market_research_analyst_or_marketing_specialist', 'phone_number': '949-416-4431', 'sex': 'Female', 'ssn': '546-69-6014', 'state': 'CA', 'street_name': 'Smithlee Dr', 'street_number': 218, 'unit': '', 'uuid': '321e41e1-d135-4a24-a759-671e00e627dc', 'zipcode': '92646'}"
USER-0820,COMP-013,viewer,"{'age': 62, 'bachelors_field': 'arts_humanities', 'birth_date': '1962-12-16', 'city': 'Champaign', 'country': 'USA', 'county': 'Champaign County', 'education_level': 'bachelors', 'email_address': 'etheal.harrison11@icloud.com', 'ethnic_background': 'black', 'first_name': 'Etheal', 'last_name': 'Harrison', 'locale': 'en_US', 'marital_status': 'married_present', 'middle_name': 'Ann', 'occupation': 'nursing_assistant', 'phone_number': '217-880-1991', 'sex': 'Female', 'ssn': '358-23-4316', 'state': 'IL', 'street_name': 'Potomac Ct', 'street_number': 171, 'unit': '', 'uuid': 'fb5ac17a-cb19-4b89-a7f2-5f14c8657aff', 'zipcode': '61822'}"
USER-0577,COMP-034,viewer,"{'age': 28, 'bachelors_field': 'no degree', 'birth_date': '1997-12-02', 'city': 'Proctorville', 'country': 'USA', 'county': 'Lawrence County', 'education_level': 'high_school', 'email_address': 'haldridge@gmail.com', 'ethnic_background': 'white', 'first_name': 'Hunter', 'last_name': 'Aldridge', 'locale': 'en_US', 'marital_status': 'married_present', 'middle_name': 'M', 'occupation': 'postal_service_mail_carrier', 'phone_number': '304-545-7663', 'sex': 'Male', 'ssn': '302-44-9944', 'state': 'OH', 'street_name': 'Cranbrook Blvd', 'street_number': 199, 'unit': '', 'uuid': '8d71907d-901e-48db-83c2-5669de535c1c', 'zipcode': '45669'}"
USER-0592,COMP-036,individual_contributor,"{'age': 56, 'bachelors_field': 'no degree', 'birth_date': '1969-03-15', 'city': 'Malverne', 'country': 'USA', 'county': 'Nassau County', 'education_level': 'high_school', 'email_address': 'moseleyo@protonmail.com', 'ethnic_background': 'uruguayan', 'first_name': 'Omar', 'last_name': 'Moseley', 'locale': 'en_US', 'marital_status': 'married_present', 'middle_name': 'D', 'occupation': 'personal_financial_advisor', 'phone_number': '363-827-9594', 'sex': 'Male', 'ssn': '092-85-9407', 'state': 'NY', 'street_name': '2nd Avenue', 'street_number': 95, 'unit': '', 'uuid': '664c094b-f624-4cef-ba71-3e6131c7cef5', 'zipcode': '11565'}"
USER-0609,COMP-004,manager,"{'age': 65, 'bachelors_field': 'no degree', 'birth_date': '1960-07-18', 'city': 'Mesa', 'country': 'USA', 'county': 'Maricopa County', 'education_level': 'high_school', 'email_address': 'markt1960@gmail.com', 'ethnic_background': 'white', 'first_name': 'Mark', 'last_name': 'Buffington', 'locale': 'en_US', 'marital_status': 'married_present', 'middle_name': 'T', 'occupation': 'postal_service_mail_sorter_processor_or_processing_machine_operator', 'phone_number': '623-558-4684', 'sex': 'Male', 'ssn': '527-98-1869', 'state': 'AZ', 'street_name': 'Fm 2590', 'street_number': 107, 'unit': '', 'uuid': 'aafb1130-fed8-42cf-a41c-5e5a2e89b479', 'zipcode': '85201'}"
USER-0699,COMP-011,admin,"{'age': 43, 'bachelors_field': 'no degree', 'birth_date': '1982-05-08', 'city': 'Arvada', 'country': 'USA', 'county': 'Jefferson County', 'education_level': 'associates', 'email_address': 'joann_galunas29@gmail.com', 'ethnic_background': 'white', 'first_name': 'Joann', 'last_name': 'Galunas', 'locale': 'en_US', 'marital_status': 'married_present', 'middle_name': 'Manuela', 'occupation': 'lodging_manager', 'phone_number': '303-363-3869', 'sex': 'Female', 'ssn': '522-45-2602', 'state': 'CO', 'street_name': 'N 4th St', 'street_number': 135, 'unit': '', 'uuid': 'ccba5e57-4dbe-4615-869c-04d37b88fbd2', 'zipcode': '80003'}"
USER-0241,COMP-046,manager,"{'age': 22, 'bachelors_field': 'no degree', 'birth_date': '2003-06-01', 'city': 'Kalamazoo', 'country': 'USA', 'county': 'Kalamazoo County', 'education_level': 'some_college', 'email_address': 'melissampeery1@gmail.com', 'ethnic_background': 'white', 'first_name': 'Melissa', 'last_name': 'Peery', 'locale': 'en_US', 'marital_status': 'never_married', 'middle_name': 'Marie', 'occupation': 'educational_guidance_or_career_counselor_or_advisor', 'phone_number': '269-881-4847', 'sex': 'Female', 'ssn': '365-83-0781', 'state': 'MI', 'street_name': 'Wishing Well Dr', 'street_number': 390, 'unit': '', 'uuid': '97882c21-9a16-4291-a0be-830fc8796459', 'zipcode': '49006'}"
USER-0025,COMP-019,individual_contributor,"{'age': 39, 'bachelors_field': 'stem_related', 'birth_date': '1986-04-01', 'city': 'Chesterfield', 'country': 'USA', 'county': 'Chesterfield County', 'education_level': 'graduate', 'email_address': 'cjrogers19@gmail.com', 'ethnic_background': 'white', 'first_name': 'C', 'last_name': 'Rogers', 'locale': 'en_US', 'marital_status': 'divorced', 'middle_name': 'Jean', 'occupation': 'fire_inspector', 'phone_number': '404-487-7921', 'sex': 'Female', 'ssn': '247-38-3299', 'state': 'SC', 'street_name': 'E Marshall St', 'street_number': 152, 'unit': '', 'uuid': '4d6dd397-b3b7-4e17-bc0b-2be6941be57a', 'zipcode': '29709'}"
USER-0443,COMP-044,individual_contributor,"{'age': 45, 'bachelors_field': 'no degree', 'birth_date': '1980-04-04', 'city': 'Swampscott', 'country': 'USA', 'county': 'Essex County', 'education_level': 'high_school', 'email_address': 'allisonj21@outlook.com', 'ethnic_background': 'white', 'first_name': 'Joshua', 'last_name': 'Allison', 'locale': 'en_US', 'marital_status': 'married_present', 'middle_name': 'B', 'occupation': 'cashier', 'phone_number': '351-795-2220', 'sex': 'Male', 'ssn': '029-60-6007', 'state': 'MA', 'street_name': 'Bunker Hill Road', 'street_number': 42, 'unit': '1317', 'uuid': '3df1a775-2e7a-40ee-976a-ba5a5af2e099', 'zipcode': '01907'}"
USER-0206,COMP-015,manager,"{'age': 46, 'bachelors_field': 'no degree', 'birth_date': '1979-08-31', 'city': 'New York', 'country': 'USA', 'county': 'New York County', 'education_level': 'high_school', 'email_address': 'salehsehgal@icloud.com', 'ethnic_background': 'south asian', 'first_name': 'Saleh', 'last_name': 'Sehgal', 'locale': 'en_US', 'marital_status': 'never_married', 'middle_name': 'Abbas', 'occupation': 'network_or_computer_systems_administrator', 'phone_number': '332-543-9635', 'sex': 'Male', 'ssn': '076-45-1388', 'state': 'NY', 'street_name': 'Watts Ave', 'street_number': 43, 'unit': '', 'uuid': 'fa282101-c397-4574-b9b7-9b5641c3e133', 'zipcode': '10013'}"
USER-0918,COMP-006,viewer,"{'age': 60, 'bachelors_field': 'no degree', 'birth_date': '1965-11-03', 'city': 'Beachwood', 'country': 'USA', 'county': 'Ocean County', 'education_level': 'high_school', 'email_address': 'jonathan_huss40@gmail.com', 'ethnic_background': 'white', 'first_name': 'Jonathan', 'last_name': 'Huss', 'locale': 'en_US', 'marital_status': 'married_present', 'middle_name': 'M', 'occupation': 'construction_equipment_operator', 'phone_number': '848-939-5811', 'sex': 'Male', 'ssn': '146-27-8639', 'state': 'NJ', 'street_name': 'Manor View Ct', 'street_number': 28, 'unit': '', 'uuid': 'adde93fb-faec-428b-b41d-4c7b1136cde1', 'zipcode': '08722'}"
USER-0145,COMP-025,manager,"{'age': 28, 'bachelors_field': 'business', 'birth_date': '1997-01-18', 'city': 'Center Point', 'country': 'USA', 'county': 'Bandera County', 'education_level': 'bachelors', 'email_address': 'antoinette.lopez18@gmail.com', 'ethnic_background': 'mexican', 'first_name': 'Antoinette', 'last_name': 'Lopez', 'locale': 'en_US', 'marital_status': 'never_married', 'middle_name': 'Dawn', 'occupation': 'maid_or_housekeeping_cleaner', 'phone_number': '726-739-2385', 'sex': 'Female', 'ssn': '450-25-1268', 'state': 'TX', 'street_name': 'San Juan Street', 'street_number': 539, 'unit': '', 'uuid': '46ed431c-024a-4228-a4dd-f433ed2eb2bd', 'zipcode': '78010'}"
USER-0601,COMP-011,individual_contributor,"{'age': 51, 'bachelors_field': 'business', 'birth_date': '1974-04-02', 'city': 'Fort Lauderdale', 'country': 'USA', 'county': 'Broward County', 'education_level': 'graduate', 'email_address': 'jcross@gmail.com', 'ethnic_background': 'black', 'first_name': 'Joshua', 'last_name': 'Cross', 'locale': 'en_US', 'marital_status': 'married_present', 'middle_name': '', 'occupation': 'registered_nurse', 'phone_number': '954-482-9469', 'sex': 'Male', 'ssn': '262-51-3379', 'state': 'FL', 'street_name': 'De Miranda Ave', 'street_number': 8, 'unit': '#31', 'uuid': '4ff5c350-0c3c-4891-b6a8-787853b9054b', 'zipcode': '33332'}"
USER-0127,COMP-026,admin,"{'age': 53, 'bachelors_field': 'education', 'birth_date': '1972-03-10', 'city': 'Bangor', 'country': 'USA', 'county': 'Penobscot County', 'education_level': 'graduate', 'email_address': 'dcoffey1972@yahoo.com', 'ethnic_background': 'white', 'first_name': 'David', 'last_name': 'Coffey', 'locale': 'en_US', 'marital_status': 'divorced', 'middle_name': 'Lee', 'occupation': 'miscellaneous_agricultural_worker', 'phone_number': '207-764-3260', 'sex': 'Male', 'ssn': '004-86-3981', 'state': 'ME', 'street_name': 'School Bus Ln', 'street_number': 77, 'unit': '', 'uuid': '9a696c25-76fe-46d9-abe4-04972d556139', 'zipcode': '04401'}"
USER-0039,COMP-041,viewer,"{'age': 64, 'bachelors_field': 'no degree', 'birth_date': '1961-04-15', 'city': 'Carlisle', 'country': 'USA', 'county': 'Cumberland County', 'education_level': 'high_school', 'email_address': 'joshuaproctor34@gmail.com', 'ethnic_background': 'white', 'first_name': 'Joshua', 'last_name': 'Merrick', 'locale': 'en_US', 'marital_status': 'divorced', 'middle_name': 'Proctor', 'occupation': 'sales_representative_wholesale_or_manufacturing', 'phone_number': '223-357-9491', 'sex': 'Male', 'ssn': '198-55-0673', 'state': 'PA', 'street_name': 'Bradford St', 'street_number': 334, 'unit': '', 'uuid': 'b7c5bfe9-e7a7-4708-b85b-6ed21170005e', 'zipcode': '17013'}"
USER-0732,COMP-002,viewer,"{'age': 63, 'bachelors_field': 'business', 'birth_date': '1962-01-09', 'city': 'Lehigh Acres', 'country': 'USA', 'county': 'Lee County', 'education_level': 'bachelors', 'email_address': 'deshawnandrade@gmail.com', 'ethnic_background': 'black', 'first_name': 'Deshawn', 'last_name': 'Andrade', 'locale': 'en_US', 'marital_status': 'married_present', 'middle_name': 'R', 'occupation': 'manager', 'phone_number': '239-678-8066', 'sex': 'Male', 'ssn': '265-62-7435', 'state': 'FL', 'street_name': 'E Cayuga St', 'street_number': 22, 'unit': '', 'uuid': '68634a6b-720a-401a-bf52-e1974b56f524', 'zipcode': '33972'}"
USER-0841,COMP-003,viewer,"{'age': 34, 'bachelors_field': 'no degree', 'birth_date': '1991-08-24', 'city': 'Fayetteville', 'country': 'USA', 'county': 'Madison County', 'education_level': 'high_school', 'email_address': 'cbrock91@icloud.com', 'ethnic_background': 'white', 'first_name': 'Candy', 'last_name': 'Brock', 'locale': 'en_US', 'marital_status': 'never_married', 'middle_name': 'Elizabeth', 'occupation': 'lawyer', 'phone_number': '479-341-5383', 'sex': 'Female', 'ssn': '429-96-3712', 'state': 'AR', 'street_name': 'Somerknoll Dr', 'street_number': 128, 'unit': 'Bldg', 'uuid': 'f68d4100-5bac-44a4-8538-7e724b511f21', 'zipcode': '72703'}"
USER-0986,COMP-034,viewer,"{'age': 48, 'bachelors_field': 'no degree', 'birth_date': '1977-06-05', 'city': 'Ponte Vedra Beach', 'country': 'USA', 'county': 'Duval County', 'education_level': 'some_college', 'email_address': 'rmcvey5@gmail.com', 'ethnic_background': 'white', 'first_name': 'Ryan', 'last_name': 'Mcvey', 'locale': 'en_US', 'marital_status': 'married_present', 'middle_name': 'Wallace', 'occupation': 'first_line_supervisor_of_production_or_operating_worker', 'phone_number': '904-658-5203', 'sex': 'Male', 'ssn': '263-66-3641', 'state': 'FL', 'street_name': 'Inwood Drive', 'street_number': 208, 'unit': '', 'uuid': 'e6f8c422-3df5-47c9-bbf5-0a8597896976', 'zipcode': '32082'}"
USER-0865,COMP-010,manager,"{'age': 48, 'bachelors_field': 'no degree', 'birth_date': '1977-10-30', 'city': 'Dallas', 'country': 'USA', 'county': 'Dallas County', 'education_level': 'high_school', 'email_address': 'lindsaytblair@gmail.com', 'ethnic_background': 'white', 'first_name': 'Lindsay', 'last_name': 'Blair', 'locale': 'en_US', 'marital_status': 'never_married', 'middle_name': 'Teresa', 'occupation': 'tutor', 'phone_number': '214-265-7764', 'sex': 'Female', 'ssn': '449-90-6294', 'state': 'TX', 'street_name': 'Tiny Trl', 'street_number': 389, 'unit': '', 'uuid': '551e38f0-797f-4940-a252-19cb67dc15e5', 'zipcode': '75235'}"
USER-0942,COMP-020,admin,"{'age': 64, 'bachelors_field': 'no degree', 'birth_date': '1961-09-25', 'city': 'Salix', 'country': 'USA', 'county': 'Woodbury County', 'education_level': 'high_school', 'email_address': 'blakemmerritt61@icloud.com', 'ethnic_background': 'white', 'first_name': 'Blake', 'last_name': 'Merritt', 'locale': 'en_US', 'marital_status': 'married_present', 'middle_name': 'M', 'occupation': 'manager', 'phone_number': '571-572-9052', 'sex': 'Male', 'ssn': '478-30-5379', 'state': 'IA', 'street_name': 'E Marion St', 'street_number': 78, 'unit': '', 'uuid': '1f034aa5-b382-4a0a-95dd-acfceeb74f07', 'zipcode': '51052'}"
USER-0280,COMP-022,individual_contributor,"{'age': 29, 'bachelors_field': 'no degree', 'birth_date': '1996-08-18', 'city': 'Signal Mountain', 'country': 'USA', 'county': 'Marion County', 'education_level': 'some_college', 'email_address': 'jandrews1996@gmail.com', 'ethnic_background': 'white', 'first_name': 'Jack', 'last_name': 'Andrews', 'locale': 'en_US', 'marital_status': 'never_married', 'middle_name': 'Sterling', 'occupation': 'first_line_supervisor_of_non_retail_sales_worker', 'phone_number': '423-834-7063', 'sex': 'Male', 'ssn': '412-09-3206', 'state': 'TN', 'street_name': 'Manson Pike', 'street_number': 3, 'unit': '', 'uuid': '5520ede3-6af1-4e71-a4dd-20cecc8aa846', 'zipcode': '37377'}"
USER-0352,COMP-010,admin,"{'age': 34, 'bachelors_field': 'no degree', 'birth_date': '1991-08-22', 'city': 'Fort Worth', 'country': 'USA', 'county': 'Tarrant County', 'education_level': '9th_12th_no_diploma', 'email_address': 'arnaldo.ayalareyes@gmail.com', 'ethnic_background': 'mexican', 'first_name': 'Arnaldo', 'last_name': 'Ayalareyes', 'locale': 'en_US', 'marital_status': 'never_married', 'middle_name': '', 'occupation': 'management_analyst', 'phone_number': '817-857-5541', 'sex': 'Male', 'ssn': '449-90-2130', 'state': 'TX', 'street_name': 'Rannie Rd', 'street_number': 150, 'unit': '', 'uuid': 'c94d8673-1765-4763-aa27-65de50a37f4d', 'zipcode': '76110'}"
USER-0100,COMP-037,viewer,"{'age': 47, 'bachelors_field': 'no degree', 'birth_date': '1978-06-08', 'city': 'Franklin', 'country': 'USA', 'county': 'Simpson County', 'education_level': 'high_school', 'email_address': 'cynthiagriggs30@icloud.com', 'ethnic_background': 'white', 'first_name': 'Cynthia', 'last_name': 'Griggs', 'locale': 'en_US', 'marital_status': 'married_present', 'middle_name': '', 'occupation': 'cashier', 'phone_number': '270-915-9357', 'sex': 'Female', 'ssn': '404-26-4244', 'state': 'KY', 'street_name': 'J D Brown Lane', 'street_number': 568, 'unit': '', 'uuid': '63eee02f-9d14-4e53-87c1-78c6653a90f0', 'zipcode': '42134'}"
USER-0908,COMP-011,admin,"{'age': 46, 'bachelors_field': 'business', 'birth_date': '1979-04-08', 'city': 'Clover', 'country': 'USA', 'county': 'York County', 'education_level': 'bachelors', 'email_address': 'ashley.brigman79@gmail.com', 'ethnic_background': 'white', 'first_name': 'Ashley', 'last_name': 'Brigman', 'locale': 'en_US', 'marital_status': 'married_present', 'middle_name': 'Lynn', 'occupation': 'insurance_sales_agent', 'phone_number': '704-253-8641', 'sex': 'Female', 'ssn': '249-83-7701', 'state': 'SC', 'street_name': 'Culp Dr', 'street_number': 68, 'unit': '', 'uuid': '13546686-596c-464a-b4a5-44847a95fcbc', 'zipcode': '29710'}"
USER-0167,COMP-037,individual_contributor,"{'age': 56, 'bachelors_field': 'no degree', 'birth_date': '1969-11-05', 'city': 'Creal Springs', 'country': 'USA', 'county': 'Williamson County', 'education_level': 'some_college', 'email_address': 'beth.feuerman58@gmail.com', 'ethnic_background': 'white', 'first_name': 'Beth', 'last_name': 'Feuerman', 'locale': 'en_US', 'marital_status': 'separated', 'middle_name': 'Elizabeth', 'occupation': 'purchasing_agent', 'phone_number': '618-788-8454', 'sex': 'Female', 'ssn': '321-29-2290', 'state': 'IL', 'street_name': 'N Elmwood Ave', 'street_number': 287, 'unit': 'B-7', 'uuid': '181c9397-0280-4233-a116-5c99de47c328', 'zipcode': '62922'}"
USER-0481,COMP-016,individual_contributor,"{'age': 58, 'bachelors_field': 'business', 'birth_date': '1967-06-30', 'city': 'Des Plaines', 'country': 'USA', 'county': 'Cook County', 'education_level': 'bachelors', 'email_address': 'sarahkristinemichaud45@icloud.com', 'ethnic_background': 'white', 'first_name': 'Sarah', 'last_name': 'Michaud', 'locale': 'en_US', 'marital_status': 'married_present', 'middle_name': 'Kristine', 'occupation': 'medical_assistant', 'phone_number': '224-465-5043', 'sex': 'Female', 'ssn': '322-54-6269', 'state': 'IL', 'street_name': 'Colwell', 'street_number': 157, 'unit': '', 'uuid': '88e25517-381c-4206-8797-b9f5fd87622d', 'zipcode': '60018'}"
USER-0067,COMP-011,individual_contributor,"{'age': 54, 'bachelors_field': 'no degree', 'birth_date': '1971-03-28', 'city': 'Marianna', 'country': 'USA', 'county': 'Jackson County', 'education_level': 'high_school', 'email_address': 'kbrock@outlook.com', 'ethnic_background': 'white', 'first_name': 'Kathryn', 'last_name': 'Brock', 'locale': 'en_US', 'marital_status': 'married_present', 'middle_name': 'Alexis', 'occupation': 'carpet_floor_or_tile_installer_or_finisher', 'phone_number': '334-410-2695', 'sex': 'Female', 'ssn': '266-01-7589', 'state': 'FL', 'street_name': 'NW 79th Pl', 'street_number': 523, 'unit': '', 'uuid': '74a016e1-beaf-48e8-9e7f-38f99ad900df', 'zipcode': '32446'}"
USER-0927,COMP-007,manager,"{'age': 42, 'bachelors_field': 'no degree', 'birth_date': '1983-02-24', 'city': 'Austin', 'country': 'USA', 'county': 'Williamson County', 'education_level': 'some_college', 'email_address': 'leonernest95@gmail.com', 'ethnic_background': 'black', 'first_name': 'Leon', 'last_name': 'Simmons', 'locale': 'en_US', 'marital_status': 'never_married', 'middle_name': 'Ernest', 'occupation': 'computer_hardware_engineer', 'phone_number': '303-806-8635', 'sex': 'Male', 'ssn': '459-39-2475', 'state': 'TX', 'street_name': 'Log View Dr', 'street_number': 115, 'unit': '', 'uuid': '202b2731-4423-412d-972c-75b48595693c', 'zipcode': '78727'}"
USER-0906,COMP-046,manager,"{'age': 65, 'bachelors_field': 'no degree', 'birth_date': '1960-04-20', 'city': 'Grants Pass', 'country': 'USA', 'county': 'Josephine County', 'education_level': '9th_12th_no_diploma', 'email_address': 'lawryj85@gmail.com', 'ethnic_background': 'white', 'first_name': 'Jennifer', 'last_name': 'Lawry', 'locale': 'en_US', 'marital_status': 'widowed', 'middle_name': 'Elaine', 'occupation': 'retail_salesperson', 'phone_number': '252-275-6957', 'sex': 'Female', 'ssn': '540-71-4490', 'state': 'OR', 'street_name': 'NW Springville Rd', 'street_number': 52, 'unit': '', 'uuid': '5a2878e5-aada-45e2-b954-297224e3fff5', 'zipcode': '97527'}"
USER-0882,COMP-038,individual_contributor,"{'age': 53, 'bachelors_field': 'stem', 'birth_date': '1972-07-18', 'city': 'Milwaukee', 'country': 'USA', 'county': 'Milwaukee County', 'education_level': 'bachelors', 'email_address': 'jacquelineturner72@gmail.com', 'ethnic_background': 'white', 'first_name': 'Jacqueline', 'last_name': 'Turner', 'locale': 'en_US', 'marital_status': 'married_present', 'middle_name': 'Yvonne', 'occupation': 'cashier', 'phone_number': '414-247-9633', 'sex': 'Female', 'ssn': '389-82-4150', 'state': 'WI', 'street_name': 'Fairfield Ave', 'street_number': 195, 'unit': 'A', 'uuid': 'a3c8946b-a5bd-4923-86eb-542ff3b89a9a', 'zipcode': '53202'}"
USER-0797,COMP-044,viewer,"{'age': 27, 'bachelors_field': 'no degree', 'birth_date': '1998-09-30', 'city': 'Bakersfield', 'country': 'USA', 'county': 'Kern County', 'education_level': 'some_college', 'email_address': 'sjones1998@icloud.com', 'ethnic_background': 'white', 'first_name': 'Stephen', 'last_name': 'Jones', 'locale': 'en_US', 'marital_status': 'never_married', 'middle_name': 'L', 'occupation': 'cashier', 'phone_number': '661-277-8589', 'sex': 'Male', 'ssn': '564-06-5782', 'state': 'CA', 'street_name': 'W Whitendale Ave', 'street_number': 310, 'unit': '', 'uuid': '488e44a3-6f7c-4639-b8ed-209a9a9fe1be', 'zipcode': '93309'}"
USER-0851,COMP-009,viewer,"{'age': 64, 'bachelors_field': 'no degree', 'birth_date': '1961-05-02', 'city': 'Silver Spring', 'country': 'USA', 'county': ""Prince George's County"", 'education_level': 'associates', 'email_address': 'wlanz@gmail.com', 'ethnic_background': 'nicaraguan', 'first_name': 'William', 'last_name': 'Lanz', 'locale': 'en_US', 'marital_status': 'never_married', 'middle_name': '', 'occupation': 'registered_nurse', 'phone_number': '301-661-7879', 'sex': 'Male', 'ssn': '218-11-8688', 'state': 'MD', 'street_name': 'N 30th St', 'street_number': 358, 'unit': '', 'uuid': 'e566be9b-a7b1-4022-bb42-f58254b198d2', 'zipcode': '20904'}"
USER-0476,COMP-043,individual_contributor,"{'age': 34, 'bachelors_field': 'no degree', 'birth_date': '1991-08-11', 'city': 'Halifax', 'country': 'USA', 'county': 'Halifax County', 'education_level': '9th_12th_no_diploma', 'email_address': 'craigb@gmail.com', 'ethnic_background': 'white', 'first_name': 'Craig', 'last_name': 'Barrett', 'locale': 'en_US', 'marital_status': 'never_married', 'middle_name': 'Ethridge', 'occupation': 'presser_textile_garment_or_related_materials', 'phone_number': '252-513-7508', 'sex': 'Male', 'ssn': '241-38-3332', 'state': 'NC', 'street_name': 'S Church St', 'street_number': 208, 'unit': 'Unit 27', 'uuid': '2fa74bca-896b-45b1-96cf-fd1c82b9af79', 'zipcode': '27839'}"
USER-0075,COMP-037,manager,"{'age': 65, 'bachelors_field': 'stem', 'birth_date': '1960-01-31', 'city': 'Wyoming', 'country': 'USA', 'county': 'Kent County', 'education_level': 'bachelors', 'email_address': 'johncharlesslagle80@gmail.com', 'ethnic_background': 'white', 'first_name': 'John', 'last_name': 'Slagle', 'locale': 'en_US', 'marital_status': 'married_present', 'middle_name': 'Charles', 'occupation': 'sales_representative_of_services', 'phone_number': '616-975-5632', 'sex': 'Male', 'ssn': '373-43-8372', 'state': 'MI', 'street_name': 'Green Springs Dr', 'street_number': 19, 'unit': '', 'uuid': 'a41196d4-3bd9-4834-bda1-56f6ebc7e9a5', 'zipcode': '49519'}"
USER-0253,COMP-040,viewer,"{'age': 51, 'bachelors_field': 'no degree', 'birth_date': '1974-05-17', 'city': 'Irvine', 'country': 'USA', 'county': 'Orange County', 'education_level': 'high_school', 'email_address': 'jaelee1974@gmail.com', 'ethnic_background': 'east asian', 'first_name': 'Jae', 'last_name': 'Lee', 'locale': 'en_US', 'marital_status': 'married_present', 'middle_name': 'Xuan', 'occupation': 'project_management_specialist', 'phone_number': '949-267-4627', 'sex': 'Male', 'ssn': '560-52-6812', 'state': 'CA', 'street_name': 'Grand Del Mar Pl', 'street_number': 203, 'unit': '', 'uuid': 'e41cceeb-e897-4a15-828a-8a39b18ae5cf', 'zipcode': '92604'}"
USER-0770,COMP-019,individual_contributor,"{'age': 27, 'bachelors_field': 'no degree', 'birth_date': '1998-03-08', 'city': 'Knoxville', 'country': 'USA', 'county': 'Knox County', 'education_level': 'associates', 'email_address': 'bcrowell98@gmx.com', 'ethnic_background': 'white', 'first_name': 'Brendan', 'last_name': 'Crowell', 'locale': 'en_US', 'marital_status': 'never_married', 'middle_name': 'R', 'occupation': 'first_line_supervisor_of_food_preparation_or_serving_worker', 'phone_number': '865-821-0899', 'sex': 'Male', 'ssn': '413-76-8700', 'state': 'TN', 'street_name': 'Rogers Rd', 'street_number': 115, 'unit': '', 'uuid': '3e0d7324-3369-4b67-bcff-98543af3f6da', 'zipcode': '37921'}"
USER-0854,COMP-023,viewer,"{'age': 42, 'bachelors_field': 'no degree', 'birth_date': '1983-06-11', 'city': 'Beaumont', 'country': 'USA', 'county': 'Riverside County', 'education_level': 'less_than_9th', 'email_address': 'peter.scott83@icloud.com', 'ethnic_background': 'mexican', 'first_name': 'Peter', 'last_name': 'Scott', 'locale': 'en_US', 'marital_status': 'married_present', 'middle_name': '', 'occupation': 'software_developer', 'phone_number': '951-864-7002', 'sex': 'Male', 'ssn': '565-63-0019', 'state': 'CA', 'street_name': 'Church St', 'street_number': 115, 'unit': '', 'uuid': '717a639d-edf4-41a6-8d6c-d8d52a958a85', 'zipcode': '92223'}"
USER-0767,COMP-045,individual_contributor,"{'age': 42, 'bachelors_field': 'no degree', 'birth_date': '1983-02-24', 'city': 'Rockwood', 'country': 'USA', 'county': 'Somerset County', 'education_level': 'high_school', 'email_address': 'johnathan.berry1983@icloud.com', 'ethnic_background': 'white', 'first_name': 'Johnathan', 'last_name': 'Berry', 'locale': 'en_US', 'marital_status': 'divorced', 'middle_name': 'Levy', 'occupation': 'butcher_or_meat_poultry_or_fish_processing_worker', 'phone_number': '582-442-8943', 'sex': 'Male', 'ssn': '197-26-3267', 'state': 'PA', 'street_name': 'Webb Road', 'street_number': 150, 'unit': '', 'uuid': 'b8e9a48a-eea7-4eee-bb9f-6e1c295a75e0', 'zipcode': '15557'}"
USER-0686,COMP-014,individual_contributor,"{'age': 60, 'bachelors_field': 'stem', 'birth_date': '1965-11-18', 'city': 'Canton', 'country': 'USA', 'county': 'Madison County', 'education_level': 'bachelors', 'email_address': 'davidw@icloud.com', 'ethnic_background': 'white', 'first_name': 'David', 'last_name': 'Fishman', 'locale': 'en_US', 'marital_status': 'married_present', 'middle_name': 'W', 'occupation': 'driver_sales_worker_or_truck_driver', 'phone_number': '601-586-9327', 'sex': 'Male', 'ssn': '428-84-7079', 'state': 'MS', 'street_name': 'Lumpkin Rd', 'street_number': 19, 'unit': '', 'uuid': '763aae9e-3342-486c-a726-917e1aeb754c', 'zipcode': '39046'}"
USER-0952,COMP-005,admin,"{'age': 33, 'bachelors_field': 'business', 'birth_date': '1991-12-27', 'city': 'Clawson', 'country': 'USA', 'county': 'Oakland County', 'education_level': 'bachelors', 'email_address': 'lauriens1991@icloud.com', 'ethnic_background': 'white', 'first_name': 'Laurien', 'last_name': 'Smith', 'locale': 'en_US', 'marital_status': 'married_present', 'middle_name': 'Marie', 'occupation': 'retail_salesperson', 'phone_number': '947-718-4945', 'sex': 'Female', 'ssn': '362-51-8370', 'state': 'MI', 'street_name': 'Ace Pl', 'street_number': 382, 'unit': '', 'uuid': '6961232c-87ba-4a2c-9299-2bb571b14fbd', 'zipcode': '48017'}"
USER-0575,COMP-045,viewer,"{'age': 51, 'bachelors_field': 'no degree', 'birth_date': '1974-11-24', 'city': 'Brighton', 'country': 'USA', 'county': 'Adams County', 'education_level': 'some_college', 'email_address': 'samanthaa50@gmail.com', 'ethnic_background': 'white', 'first_name': 'Samantha', 'last_name': 'Cole', 'locale': 'en_US', 'marital_status': 'married_present', 'middle_name': 'A', 'occupation': 'home_health_aide', 'phone_number': '983-995-3565', 'sex': 'Female', 'ssn': '521-47-9942', 'state': 'CO', 'street_name': 'Marie Rd', 'street_number': 93, 'unit': 'Apt 25J', 'uuid': '61f65678-b430-4aef-b862-2c34dde0be8d', 'zipcode': '80601'}"
USER-0190,COMP-002,manager,"{'age': 56, 'bachelors_field': 'business', 'birth_date': '1969-03-16', 'city': 'Suwanee', 'country': 'USA', 'county': 'Forsyth County', 'education_level': 'bachelors', 'email_address': 'elaine.hoffman@hotmail.com', 'ethnic_background': 'white', 'first_name': 'Elaine', 'last_name': 'Hoffman', 'locale': 'en_US', 'marital_status': 'divorced', 'middle_name': 'Lynne', 'occupation': 'receptionist_or_information_clerk', 'phone_number': '678-558-1870', 'sex': 'Female', 'ssn': '252-83-4301', 'state': 'GA', 'street_name': 'Bear Mountain Street', 'street_number': 4, 'unit': '', 'uuid': 'd44cb9ec-d1cc-44c4-a60e-da9df7e1c208', 'zipcode': '30024'}"
USER-0252,COMP-021,manager,"{'age': 24, 'bachelors_field': 'no degree', 'birth_date': '2001-04-22', 'city': 'Woodbridge', 'country': 'USA', 'county': 'Prince William County', 'education_level': 'some_college', 'email_address': 'awildeman01@outlook.com', 'ethnic_background': 'white', 'first_name': 'Anthony', 'last_name': 'Wildeman', 'locale': 'en_US', 'marital_status': 'never_married', 'middle_name': 'O', 'occupation': 'ship_or_boat_captain_or_operator', 'phone_number': '703-403-6925', 'sex': 'Male', 'ssn': '228-04-0746', 'state': 'VA', 'street_name': 'Oak Tree Blvd NW', 'street_number': 270, 'unit': '', 'uuid': 'f561f06b-0aab-47a9-8cd7-dedb292b1ccd', 'zipcode': '22193'}"
USER-0932,COMP-027,manager,"{'age': 40, 'bachelors_field': 'arts_humanities', 'birth_date': '1985-01-06', 'city': 'Worcester', 'country': 'USA', 'county': 'Worcester County', 'education_level': 'bachelors', 'email_address': 'daniel.weber52@gmail.com', 'ethnic_background': 'white', 'first_name': 'Daniel', 'last_name': 'Weber', 'locale': 'en_US', 'marital_status': 'divorced', 'middle_name': '', 'occupation': 'assembler_or_fabricator', 'phone_number': '508-862-5750', 'sex': 'Male', 'ssn': '011-59-3908', 'state': 'MA', 'street_name': 'Mayflower St', 'street_number': 228, 'unit': '', 'uuid': 'df399355-59fd-4105-9bbb-9cab9fe2d299', 'zipcode': '01606'}"
USER-0934,COMP-050,manager,"{'age': 33, 'bachelors_field': 'no degree', 'birth_date': '1992-07-29', 'city': 'Orlando', 'country': 'USA', 'county': 'Orange County', 'education_level': 'less_than_9th', 'email_address': 'malikk19@gmail.com', 'ethnic_background': 'south asian', 'first_name': 'Kobra', 'last_name': 'Malik', 'locale': 'en_US', 'marital_status': 'divorced', 'middle_name': 'Narine', 'occupation': 'manufactured_building_or_mobile_home_installer', 'phone_number': '689-439-2567', 'sex': 'Male', 'ssn': '264-88-9591', 'state': 'FL', 'street_name': 'Pinar Dr', 'street_number': 213, 'unit': '', 'uuid': 'f36b4db2-7f12-4c97-98ea-aec309229205', 'zipcode': '32835'}"
USER-0497,COMP-035,viewer,"{'age': 61, 'bachelors_field': 'no degree', 'birth_date': '1964-02-01', 'city': 'Thompsons Station', 'country': 'USA', 'county': 'Williamson County', 'education_level': 'some_college', 'email_address': 'marvintrammell67@gmail.com', 'ethnic_background': 'white', 'first_name': 'Marvin', 'last_name': 'Trammell', 'locale': 'en_US', 'marital_status': 'married_present', 'middle_name': 'L', 'occupation': 'electrician', 'phone_number': '848-324-6895', 'sex': 'Male', 'ssn': '415-23-6187', 'state': 'TN', 'street_name': 'Carrollton Rd', 'street_number': 105, 'unit': '', 'uuid': '875e94ce-ed49-49eb-928f-83283aa7e469', 'zipcode': '37179'}"
USER-0581,COMP-044,admin,"{'age': 33, 'bachelors_field': 'education', 'birth_date': '1992-03-22', 'city': 'Jackson', 'country': 'USA', 'county': 'Hinds County', 'education_level': 'bachelors', 'email_address': 'williamsg40@gmail.com', 'ethnic_background': 'black', 'first_name': 'Garry', 'last_name': 'Williams', 'locale': 'en_US', 'marital_status': 'never_married', 'middle_name': '', 'occupation': 'driver_sales_worker_or_truck_driver', 'phone_number': '601-495-6687', 'sex': 'Male', 'ssn': '427-10-2681', 'state': 'MS', 'street_name': 'W Willow Point Pl', 'street_number': 141, 'unit': '', 'uuid': '6784dc75-d899-4819-bfd9-6c17ce3160bb', 'zipcode': '39212'}"
USER-0205,COMP-015,manager,"{'age': 51, 'bachelors_field': 'no degree', 'birth_date': '1974-11-02', 'city': 'San Diego', 'country': 'USA', 'county': 'San Diego County', 'education_level': 'high_school', 'email_address': 'vu.nguyen74@gmail.com', 'ethnic_background': 'southeast asian', 'first_name': 'Vu', 'last_name': 'Nguyen', 'locale': 'en_US', 'marital_status': 'never_married', 'middle_name': '', 'occupation': 'butcher_or_meat_poultry_or_fish_processing_worker', 'phone_number': '858-986-5196', 'sex': 'Male', 'ssn': '545-24-5238', 'state': 'CA', 'street_name': 'India St', 'street_number': 222, 'unit': '', 'uuid': '894b08f4-f4b4-4c9a-88e6-4b0a3f2cb183', 'zipcode': '92139'}"
USER-0188,COMP-030,individual_contributor,"{'age': 31, 'bachelors_field': 'no degree', 'birth_date': '1994-11-30', 'city': 'Chillicothe', 'country': 'USA', 'county': 'Jackson County', 'education_level': '9th_12th_no_diploma', 'email_address': 'brianw@gmail.com', 'ethnic_background': 'white', 'first_name': 'Brian', 'last_name': 'Wang', 'locale': 'en_US', 'marital_status': 'never_married', 'middle_name': 'J', 'occupation': 'computer_network_architect', 'phone_number': '740-548-0492', 'sex': 'Male', 'ssn': '296-26-2455', 'state': 'OH', 'street_name': 'W Montgomery St', 'street_number': 34, 'unit': '', 'uuid': '68cd2457-72eb-4788-989e-98a90232dce1', 'zipcode': '45601'}"
USER-0131,COMP-036,admin,"{'age': 52, 'bachelors_field': 'no degree', 'birth_date': '1973-08-10', 'city': 'Cottonwood', 'country': 'USA', 'county': 'Idaho County', 'education_level': 'high_school', 'email_address': 'wilsonr83@yahoo.com', 'ethnic_background': 'white', 'first_name': 'Robert', 'last_name': 'Wilson', 'locale': 'en_US', 'marital_status': 'married_present', 'middle_name': 'Patrick', 'occupation': 'financial_manager', 'phone_number': '986-252-1537', 'sex': 'Male', 'ssn': '519-84-1477', 'state': 'ID', 'street_name': 'Surprise Creek Road', 'street_number': 324, 'unit': '', 'uuid': 'cd717f44-0de1-4342-a023-4afec294530a', 'zipcode': '83522'}"
USER-0977,COMP-016,viewer,"{'age': 38, 'bachelors_field': 'stem_related', 'birth_date': '1987-06-22', 'city': 'Loma Linda', 'country': 'USA', 'county': 'San Bernardino County', 'education_level': 'bachelors', 'email_address': 'melissa.highsmith87@protonmail.com', 'ethnic_background': 'white', 'first_name': 'Melissa', 'last_name': 'Highsmith', 'locale': 'en_US', 'marital_status': 'never_married', 'middle_name': 'Ann', 'occupation': 'cook', 'phone_number': '909-935-4271', 'sex': 'Female', 'ssn': '552-99-5877', 'state': 'CA', 'street_name': 'China Berry Ct', 'street_number': 279, 'unit': '', 'uuid': '8cdd1f67-9e4d-40ec-b81b-80a00e080b16', 'zipcode': '92354'}"
USER-0290,COMP-033,viewer,"{'age': 40, 'bachelors_field': 'education', 'birth_date': '1985-10-26', 'city': 'Montgomery', 'country': 'USA', 'county': 'Kane County', 'education_level': 'bachelors', 'email_address': 'kannoc11@hotmail.com', 'ethnic_background': 'east asian', 'first_name': 'Christy', 'last_name': 'Kanno', 'locale': 'en_US', 'marital_status': 'married_present', 'middle_name': '', 'occupation': 'hairdresser_hairstylist_or_cosmetologist', 'phone_number': '331-256-6166', 'sex': 'Female', 'ssn': '319-39-8971', 'state': 'IL', 'street_name': 'Ells Ave', 'street_number': 120, 'unit': '', 'uuid': 'da205e6a-b49f-46e2-b810-e1333b0b6965', 'zipcode': '60538'}"
USER-0163,COMP-039,manager,"{'age': 24, 'bachelors_field': 'no degree', 'birth_date': '2001-03-30', 'city': 'Owatonna', 'country': 'USA', 'county': 'Steele County', 'education_level': 'some_college', 'email_address': 'brettlopez@protonmail.com', 'ethnic_background': 'white', 'first_name': 'Brett', 'last_name': 'Lopez', 'locale': 'en_US', 'marital_status': 'never_married', 'middle_name': 'Dewayne', 'occupation': 'helper_production_worker', 'phone_number': '507-566-3801', 'sex': 'Male', 'ssn': '475-41-7194', 'state': 'MN', 'street_name': 'S 4th St', 'street_number': 645, 'unit': '', 'uuid': '7d3f266d-aef7-4f68-b9ff-771a08ad89f7', 'zipcode': '55060'}"
USER-0866,COMP-037,admin,"{'age': 46, 'bachelors_field': 'no degree', 'birth_date': '1979-08-17', 'city': 'Las Vegas', 'country': 'USA', 'county': 'Clark County', 'education_level': '9th_12th_no_diploma', 'email_address': 'friedmanr30@icloud.com', 'ethnic_background': 'white', 'first_name': 'Ryan', 'last_name': 'Friedman', 'locale': 'en_US', 'marital_status': 'never_married', 'middle_name': 'Ledoux', 'occupation': 'secretary_or_administrative_assistant', 'phone_number': '725-392-0844', 'sex': 'Male', 'ssn': '530-40-2757', 'state': 'NV', 'street_name': 'Kelso Mesa Dr', 'street_number': 25, 'unit': '', 'uuid': 'b66dc5ee-f874-40e8-9597-30c986d0f8fd', 'zipcode': '89121'}"
USER-0162,COMP-015,admin,"{'age': 22, 'bachelors_field': 'no degree', 'birth_date': '2003-10-16', 'city': 'Arcadia', 'country': 'USA', 'county': 'DeSoto County', 'education_level': 'high_school', 'email_address': 'patrickdonaldmaddox@gmail.com', 'ethnic_background': 'white', 'first_name': 'Patrick', 'last_name': 'Maddox', 'locale': 'en_US', 'marital_status': 'never_married', 'middle_name': 'Donald', 'occupation': 'maid_or_housekeeping_cleaner', 'phone_number': '941-802-3976', 'sex': 'Male', 'ssn': '264-83-3612', 'state': 'FL', 'street_name': 'Buckbean Branch Ln E', 'street_number': 115, 'unit': '', 'uuid': 'ed0a9cd7-c641-4b95-a879-9550427a3f85', 'zipcode': '34266'}"
USER-0670,COMP-025,individual_contributor,"{'age': 43, 'bachelors_field': 'no degree', 'birth_date': '1982-03-10', 'city': 'Farmington', 'country': 'USA', 'county': 'Davis County', 'education_level': 'high_school', 'email_address': 'jackson.dent@protonmail.com', 'ethnic_background': 'white', 'first_name': 'Jackson', 'last_name': 'Dent', 'locale': 'en_US', 'marital_status': 'married_present', 'middle_name': 'Michael', 'occupation': 'respiratory_therapist', 'phone_number': '385-911-0394', 'sex': 'Male', 'ssn': '529-75-9948', 'state': 'UT', 'street_name': 'E Valco Dr', 'street_number': 308, 'unit': '', 'uuid': '20dfd5ea-e5fa-46ab-bbfd-1c031f982268', 'zipcode': '84025'}"
USER-0292,COMP-048,viewer,"{'age': 52, 'bachelors_field': 'stem', 'birth_date': '1973-07-20', 'city': 'Westford', 'country': 'USA', 'county': 'Middlesex County', 'education_level': 'bachelors', 'email_address': 'pravin.hansraj1973@gmail.com', 'ethnic_background': 'south asian', 'first_name': 'Pravin', 'last_name': 'Hansraj', 'locale': 'en_US', 'marital_status': 'married_present', 'middle_name': 'Paw', 'occupation': 'computer_programmer', 'phone_number': '978-848-4234', 'sex': 'Male', 'ssn': '023-17-6547', 'state': 'MA', 'street_name': 'Ashmont St', 'street_number': 138, 'unit': '33', 'uuid': 'fae0c391-34cf-453d-a36c-66252e933e41', 'zipcode': '01886'}"
USER-0033,COMP-014,viewer,"{'age': 49, 'bachelors_field': 'no degree', 'birth_date': '1976-02-26', 'city': 'Draper', 'country': 'USA', 'county': 'Utah County', 'education_level': 'some_college', 'email_address': 'norma.luckett26@gmail.com', 'ethnic_background': 'black', 'first_name': 'Norma', 'last_name': 'Luckett', 'locale': 'en_US', 'marital_status': 'married_present', 'middle_name': 'Renate', 'occupation': 'optician_dispensing', 'phone_number': '801-952-4291', 'sex': 'Female', 'ssn': '529-37-2322', 'state': 'UT', 'street_name': '3rd Street Northeast', 'street_number': 78, 'unit': '', 'uuid': '0a7178dd-3b23-419b-a074-5e21337dd7b7', 'zipcode': '84020'}"
USER-0638,COMP-027,individual_contributor,"{'age': 30, 'bachelors_field': 'stem', 'birth_date': '1995-11-30', 'city': 'Russellville', 'country': 'USA', 'county': 'Pope County', 'education_level': 'bachelors', 'email_address': 'toshia.randall72@gmail.com', 'ethnic_background': 'white', 'first_name': 'Toshia', 'last_name': 'Randall', 'locale': 'en_US', 'marital_status': 'never_married', 'middle_name': 'Dewayne', 'occupation': 'postsecondary_teacher', 'phone_number': '501-785-1899', 'sex': 'Male', 'ssn': '430-88-1630', 'state': 'AR', 'street_name': 'Kentuck Rd', 'street_number': 121, 'unit': '', 'uuid': '875f5073-413a-473e-b4a8-e80c61a6bacf', 'zipcode': '72802'}"
USER-0604,COMP-028,manager,"{'age': 33, 'bachelors_field': 'no degree', 'birth_date': '1992-10-18', 'city': 'Arecibo', 'country': 'USA', 'county': 'Florida Municipio', 'education_level': 'some_college', 'email_address': 'angie_rodriguez61@hotmail.com', 'ethnic_background': 'puerto rican', 'first_name': 'Angie', 'last_name': 'Rodriguez', 'locale': 'en_US', 'marital_status': 'divorced', 'middle_name': 'Marie', 'occupation': 'customer_service_representative', 'phone_number': '787-912-2635', 'sex': 'Female', 'ssn': '598-72-0160', 'state': 'PR', 'street_name': 'Mountain Pass Mine', 'street_number': 309, 'unit': '', 'uuid': 'd2dc078d-ab2a-453b-94d4-2c86315d5af3', 'zipcode': '00612'}"
USER-0269,COMP-006,admin,"{'age': 56, 'bachelors_field': 'no degree', 'birth_date': '1969-03-02', 'city': 'Port Richey', 'country': 'USA', 'county': 'Pasco County', 'education_level': 'some_college', 'email_address': 'puellol@icloud.com', 'ethnic_background': 'puerto rican', 'first_name': 'Leidy', 'last_name': 'Puello', 'locale': 'en_US', 'marital_status': 'never_married', 'middle_name': '', 'occupation': 'bookkeeping_accounting_or_auditing_clerk', 'phone_number': '727-783-2094', 'sex': 'Female', 'ssn': '266-02-0228', 'state': 'FL', 'street_name': 'Barcelona Ave', 'street_number': 313, 'unit': '', 'uuid': 'c4937098-b83c-4065-9bc5-1d01ce341903', 'zipcode': '34668'}"
USER-0825,COMP-033,manager,"{'age': 61, 'bachelors_field': 'no degree', 'birth_date': '1964-08-12', 'city': 'Dayton', 'country': 'USA', 'county': 'Montgomery County', 'education_level': 'some_college', 'email_address': 'abdallahjohnson64@yahoo.com', 'ethnic_background': 'black', 'first_name': 'Abdallah', 'last_name': 'Johnson', 'locale': 'en_US', 'marital_status': 'never_married', 'middle_name': 'Gerard', 'occupation': 'courier_or_messenger', 'phone_number': '326-651-2785', 'sex': 'Male', 'ssn': '279-62-6283', 'state': 'OH', 'street_name': ""Lake'S Edge Way"", 'street_number': 4, 'unit': '', 'uuid': '0952c385-45ea-4c9e-a27f-cdd54e79ba1c', 'zipcode': '45405'}"
USER-0201,COMP-001,admin,"{'age': 55, 'bachelors_field': 'no degree', 'birth_date': '1970-05-28', 'city': 'Denver', 'country': 'USA', 'county': 'Jefferson County', 'education_level': '9th_12th_no_diploma', 'email_address': 'joseph.bollen@icloud.com', 'ethnic_background': 'white', 'first_name': 'Joseph', 'last_name': 'Bollen', 'locale': 'en_US', 'marital_status': 'married_present', 'middle_name': 'R', 'occupation': 'carpenter', 'phone_number': '983-510-1835', 'sex': 'Male', 'ssn': '524-21-8890', 'state': 'CO', 'street_name': 'Birch Dr', 'street_number': 202, 'unit': '', 'uuid': '7aaadec9-0473-4f02-9d4f-047e50215645', 'zipcode': '80204'}"
USER-0828,COMP-032,individual_contributor,"{'age': 60, 'bachelors_field': 'no degree', 'birth_date': '1965-09-17', 'city': 'Midvale', 'country': 'USA', 'county': 'Salt Lake County', 'education_level': 'some_college', 'email_address': 'floyds@protonmail.com', 'ethnic_background': 'white', 'first_name': 'Scott', 'last_name': 'Floyd', 'locale': 'en_US', 'marital_status': 'married_present', 'middle_name': 'Tyler', 'occupation': 'farmer_rancher_or_agricultural_manager', 'phone_number': '801-692-4154', 'sex': 'Male', 'ssn': '528-08-3884', 'state': 'UT', 'street_name': 'Forest Dr', 'street_number': 14, 'unit': '', 'uuid': 'f566ea77-20a0-4ce9-9a8a-f2b96912bf25', 'zipcode': '84047'}"
USER-0411,COMP-009,manager,"{'age': 45, 'bachelors_field': 'no degree', 'birth_date': '1980-09-26', 'city': 'Waipahu', 'country': 'USA', 'county': 'Honolulu County', 'education_level': 'associates', 'email_address': 'tramsinanan26@gmail.com', 'ethnic_background': 'southeast asian', 'first_name': 'Tram', 'last_name': 'Sinanan', 'locale': 'en_US', 'marital_status': 'widowed', 'middle_name': 'Imani', 'occupation': 'customer_service_representative', 'phone_number': '808-295-9369', 'sex': 'Female', 'ssn': '576-87-5112', 'state': 'HI', 'street_name': 'Nanimalu Pl', 'street_number': 418, 'unit': '', 'uuid': 'c89a209a-b3de-4c80-af0f-34cb4736d199', 'zipcode': '96797'}"
USER-0947,COMP-036,viewer,"{'age': 32, 'bachelors_field': 'no degree', 'birth_date': '1993-01-08', 'city': 'Toledo', 'country': 'USA', 'county': 'Lucas County', 'education_level': 'some_college', 'email_address': 'laurenpope93@icloud.com', 'ethnic_background': 'white', 'first_name': 'Lauren', 'last_name': 'Pope', 'locale': 'en_US', 'marital_status': 'married_present', 'middle_name': 'C', 'occupation': 'sales_or_related_worker', 'phone_number': '567-555-3737', 'sex': 'Female', 'ssn': '291-88-0080', 'state': 'OH', 'street_name': 'Apple Ave', 'street_number': 368, 'unit': '', 'uuid': '6d313d01-7533-4576-a0e5-483743dee4ea', 'zipcode': '43606'}"
USER-0896,COMP-047,admin,"{'age': 41, 'bachelors_field': 'stem', 'birth_date': '1984-06-06', 'city': 'Dumfries', 'country': 'USA', 'county': 'Prince William County', 'education_level': 'graduate', 'email_address': 'renu.khan@yahoo.com', 'ethnic_background': 'south asian', 'first_name': 'Renu', 'last_name': 'Khan', 'locale': 'en_US', 'marital_status': 'married_present', 'middle_name': '', 'occupation': 'customer_service_representative', 'phone_number': '703-240-7270', 'sex': 'Female', 'ssn': '228-37-8610', 'state': 'VA', 'street_name': 'Smokerise Ct', 'street_number': 69, 'unit': '', 'uuid': 'a8e92053-eab3-4c89-b792-db044f8c75e9', 'zipcode': '22026'}"
USER-0014,COMP-018,individual_contributor,"{'age': 52, 'bachelors_field': 'no degree', 'birth_date': '1973-08-01', 'city': 'Farmington', 'country': 'USA', 'county': 'San Juan County', 'education_level': 'high_school', 'email_address': 'richards1@gmail.com', 'ethnic_background': 'american indian', 'first_name': 'Richard', 'last_name': 'Sinha', 'locale': 'en_US', 'marital_status': 'never_married', 'middle_name': 'Henry', 'occupation': 'mechanical_engineer', 'phone_number': '505-717-5624', 'sex': 'Male', 'ssn': '527-87-4953', 'state': 'NM', 'street_name': 'Sheffield Run Dr', 'street_number': 112, 'unit': '', 'uuid': '34883176-cb86-4836-9732-a46332d9a856', 'zipcode': '87499'}"
USER-0239,COMP-037,viewer,"{'age': 28, 'bachelors_field': 'arts_humanities', 'birth_date': '1997-04-30', 'city': 'Portland', 'country': 'USA', 'county': 'Multnomah County', 'education_level': 'bachelors', 'email_address': 'anthonya@icloud.com', 'ethnic_background': 'mexican', 'first_name': 'Angel', 'last_name': 'Anthony', 'locale': 'en_US', 'marital_status': 'married_present', 'middle_name': 'I', 'occupation': 'executive_secretary_or_executive_administrative_assistant', 'phone_number': '971-236-4048', 'sex': 'Female', 'ssn': '540-85-1174', 'state': 'OR', 'street_name': 'NE Multnomah St', 'street_number': 261, 'unit': '', 'uuid': '70a25750-6d2f-46ba-ba19-1c669abfd8a7', 'zipcode': '97230'}"
USER-0974,COMP-013,individual_contributor,"{'age': 22, 'bachelors_field': 'no degree', 'birth_date': '2003-09-14', 'city': 'Frisco', 'country': 'USA', 'county': 'Denton County', 'education_level': 'high_school', 'email_address': 'trey.gorski@icloud.com', 'ethnic_background': 'white', 'first_name': 'Trey', 'last_name': 'Gorski', 'locale': 'en_US', 'marital_status': 'never_married', 'middle_name': 'Lee', 'occupation': 'production_planning_or_expediting_clerk', 'phone_number': '469-344-3523', 'sex': 'Male', 'ssn': '467-07-0513', 'state': 'TX', 'street_name': 'Grand Bend', 'street_number': 149, 'unit': '', 'uuid': '0551a49d-c2c5-4644-8c75-521bcbaf822b', 'zipcode': '75035'}"
USER-0358,COMP-007,manager,"{'age': 48, 'bachelors_field': 'stem', 'birth_date': '1977-09-01', 'city': 'Tallahassee', 'country': 'USA', 'county': 'Leon County', 'education_level': 'bachelors', 'email_address': 'corey.smith1977@protonmail.com', 'ethnic_background': 'white', 'first_name': 'Corey', 'last_name': 'Smith', 'locale': 'en_US', 'marital_status': 'never_married', 'middle_name': '', 'occupation': 'teaching_assistant', 'phone_number': '448-577-5166', 'sex': 'Male', 'ssn': '263-60-2977', 'state': 'FL', 'street_name': 'W Talton Ave', 'street_number': 27, 'unit': '124', 'uuid': 'fda517ca-7da6-46c3-9d24-63d8a6446e52', 'zipcode': '32301'}"
USER-0250,COMP-028,manager,"{'age': 30, 'bachelors_field': 'stem_related', 'birth_date': '1995-07-15', 'city': 'Bronx', 'country': 'USA', 'county': 'Bronx County', 'education_level': 'bachelors', 'email_address': 'anselmob67@icloud.com', 'ethnic_background': 'puerto rican', 'first_name': 'Anselmo', 'last_name': 'Olivarez', 'locale': 'en_US', 'marital_status': 'separated', 'middle_name': 'B', 'occupation': 'nursing_assistant', 'phone_number': '929-971-5156', 'sex': 'Male', 'ssn': '082-68-9655', 'state': 'NY', 'street_name': 'New Hurley Road', 'street_number': 279, 'unit': '', 'uuid': 'b31b5e31-caf1-416a-b4d1-84a63a06b725', 'zipcode': '10468'}"
USER-0410,COMP-045,admin,"{'age': 43, 'bachelors_field': 'no degree', 'birth_date': '1981-12-10', 'city': 'Fort Myers', 'country': 'USA', 'county': 'Lee County', 'education_level': 'associates', 'email_address': 'clydestedmanbumgarner@gmail.com', 'ethnic_background': 'white', 'first_name': 'Clyde', 'last_name': 'Bumgarner', 'locale': 'en_US', 'marital_status': 'married_present', 'middle_name': 'Stedman', 'occupation': 'firefighter', 'phone_number': '239-403-9736', 'sex': 'Male', 'ssn': '262-27-4842', 'state': 'FL', 'street_name': 'Englar Dr', 'street_number': 183, 'unit': '', 'uuid': 'aa7c9a2f-496e-4eb1-a917-23d1e0121d15', 'zipcode': '33912'}"
USER-0360,COMP-029,viewer,"{'age': 60, 'bachelors_field': 'business', 'birth_date': '1964-12-29', 'city': 'Panama City', 'country': 'USA', 'county': 'Bay County', 'education_level': 'graduate', 'email_address': 'srohrer@gmail.com', 'ethnic_background': 'latin american indian', 'first_name': 'Samuel', 'last_name': 'Rohrer', 'locale': 'en_US', 'marital_status': 'married_present', 'middle_name': 'Philip', 'occupation': 'heating_air_conditioning_or_refrigeration_mechanic_or_installer', 'phone_number': '334-980-0325', 'sex': 'Male', 'ssn': '264-13-5298', 'state': 'FL', 'street_name': 'Mallory Hill Dr', 'street_number': 99, 'unit': '', 'uuid': 'dfec20a7-69c6-4307-a004-444c9a7a36a3', 'zipcode': '32405'}"
USER-0346,COMP-024,admin,"{'age': 63, 'bachelors_field': 'no degree', 'birth_date': '1961-12-07', 'city': 'Adjuntas', 'country': 'USA', 'county': 'Adjuntas Municipio', 'education_level': 'associates', 'email_address': 'esmeraldacarino61@hotmail.com', 'ethnic_background': 'puerto rican', 'first_name': 'Esmeralda', 'last_name': 'Carino', 'locale': 'en_US', 'marital_status': 'married_present', 'middle_name': '', 'occupation': 'machinist', 'phone_number': '787-836-7236', 'sex': 'Female', 'ssn': '594-84-0924', 'state': 'PR', 'street_name': 'Via 67', 'street_number': 9, 'unit': '31', 'uuid': '7231e4ce-a121-4e21-8258-aea5a45e8f8b', 'zipcode': '00601'}"
USER-0003,COMP-019,individual_contributor,"{'age': 27, 'bachelors_field': 'no degree', 'birth_date': '1998-04-25', 'city': 'Caguas', 'country': 'USA', 'county': 'San Lorenzo Municipio', 'education_level': 'high_school', 'email_address': 'dayana_kellison@zoho.com', 'ethnic_background': 'puerto rican', 'first_name': 'Dayana', 'last_name': 'Kellison', 'locale': 'en_US', 'marital_status': 'divorced', 'middle_name': 'A', 'occupation': 'secretary_or_administrative_assistant', 'phone_number': '787-432-6042', 'sex': 'Female', 'ssn': '595-16-1539', 'state': 'PR', 'street_name': 'Via Leticia', 'street_number': 404, 'unit': 'Belen Zequeira', 'uuid': '2fd89247-4746-4706-bd39-5786680a888b', 'zipcode': '00725'}"
USER-0508,COMP-046,manager,"{'age': 34, 'bachelors_field': 'no degree', 'birth_date': '1991-01-22', 'city': 'Franklin Square', 'country': 'USA', 'county': 'Nassau County', 'education_level': 'some_college', 'email_address': 'martinezj89@icloud.com', 'ethnic_background': 'hispanic or latino other', 'first_name': 'James', 'last_name': 'Martinez', 'locale': 'en_US', 'marital_status': 'never_married', 'middle_name': '', 'occupation': 'laborer_or_freight_stock_or_material_mover', 'phone_number': '363-693-7959', 'sex': 'Male', 'ssn': '112-57-6936', 'state': 'NY', 'street_name': 'White Oak Lane', 'street_number': 73, 'unit': 'Apt 1F', 'uuid': 'fc418206-1633-4165-80d9-77a05280a339', 'zipcode': '11010'}"
USER-0903,COMP-019,manager,"{'age': 35, 'bachelors_field': 'stem', 'birth_date': '1990-05-23', 'city': 'Raleigh', 'country': 'USA', 'county': 'Wake County', 'education_level': 'bachelors', 'email_address': 'stephenrdunton69@gmail.com', 'ethnic_background': 'white', 'first_name': 'Stephen', 'last_name': 'Dunton', 'locale': 'en_US', 'marital_status': 'never_married', 'middle_name': 'Richard', 'occupation': 'plumber_pipefitter_or_steamfitter', 'phone_number': '919-522-1200', 'sex': 'Male', 'ssn': '239-26-2203', 'state': 'NC', 'street_name': 'Shire Cir', 'street_number': 173, 'unit': '', 'uuid': 'c415e506-3e29-4a02-b68f-d0f4b404b347', 'zipcode': '27603'}"
USER-0442,COMP-028,viewer,"{'age': 40, 'bachelors_field': 'stem', 'birth_date': '1985-03-24', 'city': 'Carrollton', 'country': 'USA', 'county': 'Dallas County', 'education_level': 'bachelors', 'email_address': 'ijanis59@gmail.com', 'ethnic_background': 'white', 'first_name': 'Isabella', 'last_name': 'Janis', 'locale': 'en_US', 'marital_status': 'married_present', 'middle_name': 'Louiseturner', 'occupation': 'weigher_measurer_checker_or_sampler_recordkeeping', 'phone_number': '972-251-9830', 'sex': 'Female', 'ssn': '460-10-8898', 'state': 'TX', 'street_name': 'Brady Ct', 'street_number': 184, 'unit': '', 'uuid': '53ca6fa5-a5ce-411f-b01e-58df4a5947ac', 'zipcode': '75007'}"
USER-0552,COMP-039,admin,"{'age': 64, 'bachelors_field': 'no degree', 'birth_date': '1961-05-24', 'city': 'Lexington', 'country': 'USA', 'county': 'Fayette County', 'education_level': 'associates', 'email_address': 'barbara.darden@icloud.com', 'ethnic_background': 'black', 'first_name': 'Barbara', 'last_name': 'Darden', 'locale': 'en_US', 'marital_status': 'married_present', 'middle_name': 'Sharde', 'occupation': 'library_assistant_clerical', 'phone_number': '859-924-6930', 'sex': 'Female', 'ssn': '401-34-3854', 'state': 'KY', 'street_name': 'Welling Cir', 'street_number': 155, 'unit': '', 'uuid': 'b400a2a6-d442-4db4-929c-bf74ff1074c6', 'zipcode': '40502'}"
USER-0738,COMP-010,admin,"{'age': 38, 'bachelors_field': 'business', 'birth_date': '1987-02-23', 'city': 'Trenton', 'country': 'USA', 'county': 'Mercer County', 'education_level': 'graduate', 'email_address': 'dustinruppe56@icloud.com', 'ethnic_background': 'white', 'first_name': 'Dustin', 'last_name': 'Ruppe', 'locale': 'en_US', 'marital_status': 'married_present', 'middle_name': 'Rachid', 'occupation': 'nurse_anesthetist', 'phone_number': '640-760-8399', 'sex': 'Male', 'ssn': '142-32-0355', 'state': 'NJ', 'street_name': 'Stafford Dr', 'street_number': 73, 'unit': '', 'uuid': 'd76c51bd-1e3d-4dd5-b4ff-dbaf6a703bc0', 'zipcode': '08619'}"
USER-0613,COMP-023,manager,"{'age': 22, 'bachelors_field': 'no degree', 'birth_date': '2003-06-03', 'city': 'Waunakee', 'country': 'USA', 'county': 'Dane County', 'education_level': 'high_school', 'email_address': 'matthew.bennett@gmail.com', 'ethnic_background': 'white', 'first_name': 'Matthew', 'last_name': 'Bennett', 'locale': 'en_US', 'marital_status': 'never_married', 'middle_name': 'Hawk', 'occupation': 'materials_engineer', 'phone_number': '608-856-7557', 'sex': 'Male', 'ssn': '391-83-9823', 'state': 'WI', 'street_name': 'Lawndale', 'street_number': 69, 'unit': '', 'uuid': 'ed11699b-f170-438a-b820-0d88276fed13', 'zipcode': '53597'}"
